importances,std
0.10642606151103977,0.0007946717317697596
0.033710657682269836,0.00011433062819519568
0.020233367610722797,0.00017948655134980066
0.02772154019773011,0.0002546557034475657
0.029234613005071918,0.0002015353221000143
0.013019760116934787,0.00013435843013382816
0.0515428299978376,0.0003072094137946916
0.036450755702331715,0.00033559513269867854
0.015598787257447861,0.00012049330679198029
0.0382034459076822,0.00036177980972601763
0.028064504414796864,0.00021985805600194784
0.06861304847896102,0.00034085707478183856
0.031627189874649055,0.00018831695116578188
0.02386545103415853,0.00020055177653475537
0.02579105402156715,0.00018965342379709095
0.02711087397113448,0.0002668754617792922
0.05399917377531534,0.00047447276326364893
0.02293567103147512,0.00022212867668523526
0.09969450682401658,0.0004909778349034179
0.03502853872254496,0.00021192399097483668
0.02756555669382218,0.0002023652987515242
