importances,std
0.0037788586090419574,8.455084032664236e-05
0.029196529924019554,0.00029077768737392767
0.0004358309373679092,5.575795451034861e-05
0.0003571162243451775,4.7966046568411224e-05
0.00023862986684782816,3.8034352725007116e-05
0.00025188708167268593,4.6129848002976e-05
0.0336769161508781,0.0001541193295072446
0.004284566116216038,0.00012361588891604772
0.0011865207268267786,8.667500914879996e-05
0.00018339147174414316,5.8825649006237566e-05
0.0006084509220668721,4.994494891425902e-05
0.04266088873053879,0.00028708146451658455
0.05409054125341438,0.0002445701386597287
0.0003358494422302849,3.578152052675135e-05
0.01239798158904285,7.547119454549218e-05
0.009018496576600431,0.00018325519690769916
0.0003038111730701121,1.746791428197619e-05
0.10522914267248877,0.000267059217371903
0.0010194245816381841,5.846469419170404e-05
0.01844437631709044,0.00015102145904736898
0.0763750907981119,0.00021895405196392027
