importances,std
0.09111446531847783,0.000189327503218914
0.06441470615854568,0.0001784371957229828
0.0762004026890125,0.00017084593023503408
0.10967592925046814,0.00014250014714996373
0.051096761363950194,0.00011793510779536888
0.11640964630757926,0.0001617834328430001
0.1884459601288163,0.0001769750230170544
