importances,std
0.08235105657240233,0.0002762670895215558
0.05028765394250233,0.00024069381941591681
0.07433983213051726,0.0004159968291383542
0.0946595519613773,0.00033370220384957455
0.040543877238190716,0.0001979593340540044
0.1037418488843225,0.00012776230015463987
0.17610414647012843,0.0005837410674615797
