importances,std
0.008358198028552569,5.663178444944163e-05
0.004064320631819995,2.929902037668318e-05
0.002026754112233892,2.0907584603000444e-05
0.004157404704019416,2.396758997933194e-05
0.0007393561303615417,1.0695747260637706e-05
0.0006808582050725758,1.394633941250907e-05
0.031993926571903995,0.00012396419624733905
0.013210074129514384,5.244513244540886e-05
0.0022022738813975455,1.7961436897333313e-05
0.0006482974532991612,3.2679502870398653e-06
0.0005698029407067123,9.836312232142522e-06
0.004747343983501184,3.127740315165386e-05
0.0029206813208002024,3.527932760240855e-05
0.001985525499352654,1.6160186947587755e-05
0.0006938768401741873,7.462335500337604e-06
0.002027500310607133,1.4137221945201968e-05
0.0004721769522875452,1.202474642948799e-05
0.0007187625635415223,1.299920869395773e-05
0.0008877730759486342,7.4646384799968265e-06
0.0007640542760491267,1.1283179420190871e-05
0.008415185131132598,3.352599450774775e-05
